season,gym_year,meet_id,level,warmup_time,warmup_hour,breakfast_recorded,lunch_recorded,warmed_up_label,distance_from_home_miles,vault_score,vault_place,bars_score,bars_place,beam_score,beam_place,floor_score,floor_place,allaround_score,allaround_place,spectator_group
Season 1 · 2022,1,1,Bronze,9:00am,9.0,Unknown / not recorded,Unknown / not recorded,Yes,68.0,6.75,8.0,8.0,5.0,8.775,3.0,8.7,4.0,32.225,5.0,Only Mom
Season 1 · 2022,1,2,Bronze,8:00am,8.0,Unknown / not recorded,Unknown / not recorded,Yes,80.0,7.0,10.0,9.3,2.0,8.85,6.0,8.775,5.0,33.925,8.0,Parents + Others
Season 1 · 2022,1,3,Bronze,7:30am,7.5,Unknown / not recorded,Unknown / not recorded,Yes,68.0,8.0,11.0,9.1,7.0,8.0,11.0,9.0,6.0,34.1,9.0,Only Dad
Season 1 · 2022,1,4,Bronze,18:00pm,18.0,Unknown / not recorded,Unknown / not recorded,Yes,54.0,7.9,14.0,8.7,11.0,8.7,10.0,9.55,3.0,34.85,13.0,Only Dad
Season 1 · 2022,1,5,Bronze,18:15pm,18.25,Unknown / not recorded,Unknown / not recorded,Yes,70.0,8.6,11.0,8.9,7.0,7.725,12.0,9.2,7.0,34.425,10.0,Parents + Others
Season 1 · 2022,1,6,Bronze,14:30pm,14.5,Unknown / not recorded,Unknown / not recorded,Yes,71.0,9.0,11.0,9.1,6.0,8.975,11.0,8.8,8.0,35.875,9.0,Parents + Others
Season 2 · 2023,2,1,Bronze,16:30pm,16.5,Unknown / not recorded,Unknown / not recorded,Yes,71.0,9.2,3.0,9.2,4.0,8.9,12.0,9.15,5.0,36.45,4.0,Both Parents
Season 2 · 2023,2,2,Bronze,8:00am,8.0,Unknown / not recorded,Unknown / not recorded,Yes,118.0,9.075,8.0,8.7,10.0,9.175,4.0,9.025,6.0,35.975,6.0,Only Mom
Season 2 · 2023,2,3,Bronze,8:00am,8.0,No,Unknown / not recorded,Yes,68.0,9.25,4.0,9.15,6.0,9.025,8.0,8.575,14.0,36.0,7.0,Both Parents
Season 2 · 2023,2,4,Bronze,17:30pm,17.5,Unknown / not recorded,Unknown / not recorded,Yes,40.0,8.775,8.0,9.6,4.0,9.425,4.0,9.3,8.0,37.1,6.0,Others Only
Season 2 · 2023,2,5,Bronze,11:30am,11.5,Unknown / not recorded,Unknown / not recorded,Yes,70.0,9.4,4.0,9.375,6.0,9.35,6.0,8.65,10.0,36.775,6.0,Both Parents
Season 2 · 2023,2,6,Bronze,14:00pm,14.0,Unknown / not recorded,Unknown / not recorded,Yes,71.0,8.375,16.0,9.5,3.0,8.95,11.0,9.35,7.0,36.175,9.0,Only Mom
Season 3 · 2024,3,1,Silver,8:00am,8.0,No,Unknown / not recorded,Yes,162.0,8.875,12.0,9.4,3.0,9.225,1.0,8.45,16.0,35.95,5.0,Both Parents
Season 3 · 2024,3,2,Silver,11:45am,11.75,Yes,Unknown / not recorded,Yes,118.0,9.4,3.0,8.225,11.0,9.3,3.0,9.5,1.0,36.425,6.0,Both Parents
Season 3 · 2024,3,3,Silver,10:15am,10.25,Yes,Unknown / not recorded,Yes,39.0,9.425,1.0,9.35,2.0,8.8,6.0,9.075,3.0,36.65,3.0,Both Parents
Season 3 · 2024,3,4,Silver,11:00am,11.0,Yes,Unknown / not recorded,Yes,74.0,9.25,3.0,9.475,4.0,8.85,11.0,9.025,10.0,36.6,6.0,Only Mom
Season 3 · 2024,3,5,Silver,11:00am,11.0,Yes,Unknown / not recorded,Yes,148.0,9.25,2.0,9.05,11.0,9.25,4.0,9.475,1.0,37.025,3.0,Parents + Others
Season 3 · 2024,3,6,Silver,17:15pm,17.25,Unknown / not recorded,Unknown / not recorded,Yes,55.0,8.65,22.0,9.5,12.0,9.4,4.0,9.3,13.0,36.85,13.0,Only Mom
Season 3 · 2024,3,7,Silver,11:30am,11.5,Yes,Unknown / not recorded,Yes,69.0,9.175,8.0,9.8,1.0,9.4,6.0,9.25,3.0,37.625,2.0,Only Mom
Season 3 · 2024,3,8,Silver,16:35pm,16.58,Unknown / not recorded,Unknown / not recorded,Yes,193.0,8.7,10.0,9.45,6.0,9.25,6.0,9.5,4.0,36.9,6.0,
Season 4 · 2025,4,1,Gold,8:00am,8.0,Unknown / not recorded,Unknown / not recorded,Yes,60.0,8.3,11.0,8.8,7.0,7.9,12.0,9.2,5.0,34.2,11.0,
Season 4 · 2025,4,2,Gold,8:00am,8.0,Unknown / not recorded,Unknown / not recorded,Yes,103.0,8.15,63.0,9.25,13.0,8.15,53.0,8.65,53.0,34.2,50.0,Only Mom
Season 4 · 2025,4,3,Gold,15:30pm,15.5,Unknown / not recorded,Unknown / not recorded,Yes,66.0,7.65,15.0,8.85,15.0,8.725,10.0,9.075,6.0,34.3,13.0,Only Mom
Season 4 · 2025,4,4,Gold,9:00am,9.0,Yes,Unknown / not recorded,Yes,148.0,8.575,7.0,8.2,8.0,8.8,3.0,8.95,8.0,34.525,6.0,
Season 4 · 2025,4,5,Gold,16:30pm,16.5,Yes,Yes,Yes,31.0,9.175,5.0,8.8,6.0,8.525,10.0,9.15,8.0,35.65,8.0,
Season 4 · 2025,4,6,Gold,10:00am,10.0,Unknown / not recorded,Unknown / not recorded,Yes,207.0,9.25,4.0,9.3,2.0,9.25,2.0,9.35,4.0,37.15,1.0,Only Dad
Season 4 · 2025,4,7,Gold,15:20pm,15.33,Yes,Yes,No,34.0,8.95,12.0,8.9,7.0,8.5,11.0,9.15,12.0,35.5,10.0,Only Mom
